first_name,last_name,email
Tom,William,tom@example.com
Xavier,William-Scott,xavier@example.com
Antonio,William,antonio@example.com
Jake,Scott-William,jake@example.com
Emily,Scott-Jones,emily@example.com
Mary,Williams,mary@example.com
